{"cameraMode":{"drawMode":31,"name":"Sprite Mask","section":"Miscellaneous"},"sceneLighting":false,"audioPlay":false,"sceneViewState":{"showFog":false,"showMaterialUpdate":false,"showSkybox":false,"showFlares":false,"showImageEffects":false,"showParticleSystems":false,"showVisualEffectGraphs":true,"m_FxEnabled":true},"in2DMode":false,"pivot":{"x":0.11442363262176514,"y":-0.013865470886230469,"z":0.03812296688556671},"rotation":{"x":-0.31807515025138857,"y":-0.10579252988100052,"z":0.035749394446611407,"w":-0.9414724707603455},"size":0.7069517374038696,"orthographic":false}