{"cameraMode":{"drawMode":31,"name":"Sprite Mask","section":"Miscellaneous"},"sceneLighting":true,"audioPlay":false,"sceneViewState":{"showFog":false,"showMaterialUpdate":false,"showSkybox":false,"showFlares":false,"showImageEffects":false,"showParticleSystems":false},"in2DMode":false,"pivot":{"x":-42.36344909667969,"y":-32.8814697265625,"z":85.20425415039063},"rotation":{"x":-0.28289511799812319,"y":-0.0008660404710099101,"z":0.00025425973581150174,"w":-0.9591553211212158},"size":47.05100631713867,"orthographic":false}