{"cameraMode":{"drawMode":31,"name":"Sprite Mask","section":"Miscellaneous"},"sceneLighting":false,"audioPlay":false,"sceneViewState":{"showFog":false,"showMaterialUpdate":false,"showSkybox":false,"showFlares":false,"showImageEffects":false,"showParticleSystems":false},"in2DMode":false,"pivot":{"x":77.8499984741211,"y":-10.850006103515625,"z":-0.000012391044037940446},"rotation":{"x":-0.28289511799812319,"y":-0.0008660404710099101,"z":0.00025425973581150174,"w":-0.9591553211212158},"size":343.5429382324219,"orthographic":false}